# mag_r,eff_star
1.661111111111111072e+01,7.711267605633802535e-01
1.783333333333333215e+01,9.983935742971887795e-01
1.905555555555555713e+01,9.909957627118644030e-01
2.027777777777777857e+01,9.823346033945271616e-01
2.150000000000000000e+01,9.620938628158844930e-01
2.272222222222222143e+01,8.879237288135592987e-01
2.394444444444444642e+01,7.311827956989247479e-01
2.516666666666666785e+01,5.068719986752773243e-01
2.638888888888888928e+01,6.912181303116146647e-02
